Title, Date, Time, Price
Converse Chuck Taylor All Star II 2 Thunder Grey White Men Casual Shoes,Sep-27,10:32,$60.00
Converse Chuck Taylor All Star II 2 Low top BLACK/WHITE Lunarlon ox canvas Shoes,Sep-26,19:57,$36.99 to $39.99
Converse Chuck Taylor All Star Signature II 2 Lunarlon Black Men Shoes 150143C,Sep-26,07:14,$66.99
NEW Converse Chuck Taylor All Star II Hi BLACK White Nike Lunarlon 2 TWO Mens,Sep-25,21:46,$84.95 to $119.95
Converse All Star Chuck Taylor 2 Mens Black Leather Turtle Dove,Sep-25,14:09,$139.00
Converse Chuck Taylor All Star Low 2 II Futura Black Camo 153023C Egret,Sep-24,15:04,$69.99
Converse Chuck Taylor All Star Hi High 2 II Futura Black Camo 153022C Egret,Sep-24,15:04,$84.99
Converse Chuck Taylor CT II 2 OX Sodalite Blue White 150152C,Sep-24,11:18,$27.81
Converse Chuck Taylor All Star II 2 LO Low top ALL WHITE Lunarlon ox canvas Shoe,Sep-23,22:03,$39.99
Converse Chuck Taylor All Star II 2 HI high top all BLACK Lunarlon ox Shoes,Sep-23,03:13,$49.99
Converse Chuck Taylor All Star II 2 High Top White/Lava/Gum 153534C High Top,Sep-22,22:00,$36.97
Converse Chuck Taylor All Star II 2 Mesh Back Leather Triple Black Men 153556C,Sep-22,19:13,$79.99
Converse SZ 11 Chuck Taylor All Star  Lunarlon 2 II Low White Shoes 150154C,Sep-22,18:01,$34.00
Converse Chuck Taylor All Star Signature Lunarlon 2 II Low White Shoes 150154C,Sep-16,23:59,$69.99
Converse Chuck Taylor All Star II 2  Low Lo Top White Nike Lunarlon Shoe Size 10,Sep-14,10:27,$39.99
Converse Chuck Taylor All Star 2 DARK SIDE OF THE MOON PINK FLOYD 155357C sz 9.5,Sep-12,03:40,$75.60
Converse Chuck Taylor 2 Cream Size 8.5,Sep-09,16:43,$30.00
Converse Mens Chuck Taylor All Star Sneaker Hi Top 2 Black/Black 9,Sep-06,17:30,$41.30
Mens Converse Chuck Taylor Hiker 2 Leather Shoes Size 11 Grey Black 139821C,Sep-06,16:48,$49.99
Converse Chuck Taylor All Star 2 OX Turtledove white 153897C Unisex New,Sep-05,08:49,$91.05
NEW Converse Chuck Taylor 2 II Hi Thunder Grey Mens (10.5),Sep-05,07:47,$50.00
Converse Andy Warhol Bananas Chuck Taylor All Star Low - Men's 9 1/2 Wmns 11 1/2,Sep-05,07:06,$34.95
Mens Converse All Star Chuck Taylor Mono Casino Red  Hi Top Shoes 9.5 9 1/2 $60,Sep-02,15:00,$19.99
CONVERSE ALL STAR CHUCK TAYLOR 2 CTAS II HIGH SZ 8.5 MONOCHROME BLACK 151221C,Sep-01,11:49,$48.99
Converse Chuck Taylor All Star 2 OX Turtledove Black white 153895C Unisex New,Aug-31,15:25,$91.05
Converse Chuck Taylor All Star II 2 Mesh Back Leather Triple Black Men 153556C,Aug-31,05:33,$79.99
Converse Chuck Taylor All Star II 2 Red White Men Casual Shoes Lunarlon 150144C,Aug-31,05:25,$66.99
Converse Chuck Taylor All Star II 2 Lunarlon Neon Green Plimsolls Shoes 151118C,Aug-31,05:24,$49.99
Converse Chuck Taylor All Star II 2 White Men Casual Shoes Lunarlon 155508C,Aug-31,03:13,$84.99
Converse All Star II 2 Boot Black Chuck Taylor Winter Waterproof Sneakerboot NEW,Aug-30,21:45,$149.95
Converse Andy Warhol Bananas Chuck Taylor All Star Low - Men's 8 1/2 Wmns 10 1/2,Aug-27,13:02,$34.95
Converse All Star Chuck Taylor 2 John Varvatos 153891C Size 9.5,Aug-27,10:43,$39.99
Mens Converse All Star Chuck Taylor Mono Casino Red  Hi Top Shoes 9.5 9 1/2 $60,Aug-26,18:01,$19.99
CONVERSE ALL STAR LOW CHUCK TAYLOR II 2 UNISEX LUNARLON WHITE SZ 10 (150154C),Aug-26,18:01,$42.97
Converse Chuck Taylor All Star Signature II 2 Lunarlon Men Shoes Sneakers Pick 1,Aug-26,11:48,$49.99 to $66.99
Converse Chuck Taylor All Star 2 70 Hi Black Fresh white 155359C Batman DC,Aug-22,21:54,$91.05
NIB CONVERSE Chuck Taylor ALL STAR Hi Fatigue Green H2O Repel M 9 Wom 11 CTAS,Aug-21,18:19,$42.99
Converse Andy Warhol LE Chuck Taylor All Star High - Men's 9 1/2 - Wmns 11 1/2,Aug-21,13:27,$29.95
CONVERSE BOY'S MEN'S CHUCK TAYLOR ALL STAR CHUCK 2 II BLACK WHITE 150143C,Aug-20,10:29,$48.00
Converse Chuck Taylor All Star II 2 Thunder Grey White Men Casual Shoes 150153C,Aug-20,08:14,$69.99
Converse Chuck Taylor All Star 2 OX Hi Black Ink Turtledove Mesh white 156716C,Aug-19,02:39,$91.05
CONVERSE CHUCK TAYLOR 2 CT II HI 150147C ALL STAR THUNDER GREY WHITE DS SZ: 13,Aug-18,12:48,$59.99
Converse Chuck Taylor All Star II 2 Lunarlon Navy White Men Casual Shoes 153557C,Aug-17,01:15,$89.99
Converse Chuck Taylor All Star II 2 Leather Brown White Mens Casual Shoe 153889C,Aug-15,08:35,$109.99
NEW Converse Chuck Taylor All Star II Hi BLACK White Nike Lunarlon 2 TWO Mens,Aug-09,21:41,$84.95
Converse Chuck Taylor All Star II Hi BLACK/BLACK Nike Lunarlon 2 TWO All NEW,Aug-09,21:41,$84.95
CONVERSE CHUCK TAYLOR 2 CT II HI 150147C ALL STAR THUNDER GREY WHITE DS SZ: 11,Aug-02,22:42,$59.99
Converse All Star II 2 Boot Black Chuck Taylor Winter Waterproof Sneakerboot NEW,Jul-31,10:51,$149.95
